204,VRUC18319,"18x31 Utility Carport",https://www.carportcentral.com/vertical-roof-utility-carport-with-10-enclosed-18w-x-31l-x-9ht
206,CRC22217,"22x21 Carport",https://www.carportcentral.com/certified-regular-style-carport-22w-x-21l-x-7-with-options
211,RSC20318,"20x31 Carport",https://www.carportcentral.com/regular-style-20w-x-31l-x-8-carport
224,CTWVRSEG304112,"30x41 Side Entry Garage",https://www.carportcentral.com/certified-triple-wide-vertical-style-side-entry-garage-30w-x-41l-x-12ht
227,AVDG18219,"18x21 Garage",https://www.carportcentral.com/all-vertical-deluxe-garage-18w-x-21l-x-9ht
229,AVCEG244114,"24x41 Garage",https://www.carportcentral.com/24w-x-41l-x-14ht-all-vertical-certified-enclosed-garage
248,CAVDRV184114,"18x41 RV Cover",https://www.carportcentral.com/certified-all-vertical-deluxe-rv-cover-18w-x-41l-x14ht
275,AFC12216,"12x21 Carport",https://www.carportcentral.com/12w-x-21l-x-6h-carport
280,CAF18216,"18x21 Carport",https://www.carportcentral.com/18-w-x-21l-x-6h-carport
294,RSC12266,"12x26 Carport",https://www.carportcentral.com/12w-x-26l-x-6h-carport
306,VRESEG2436108,"24x36 Side Entry Garage",https://www.carportcentral.com/24w-x-36l-x-10h-side-entry-garage-with-lean-to
319,AFESB12216,"12x21 Storage Building",https://www.carportcentral.com/12w-x-21l-x-6h-storage-building
325,VREG22218,"22x21 Garage",https://www.carportcentral.com/22w-x-21l-x-8h-garage
335,VREG22219,"22x21 Garage",https://www.carportcentral.com/22w-x-21l-x-9h-garage
344,VREG12219,"12x21 Garage",https://www.carportcentral.com/12w-x-21l-x-9h-garage
366,CAVTW4241129,"30x41 Workshop",https://www.carportcentral.com/certified-vertical-roof-triple-wide-30w-x-41l-x-12ht-with-1-12w-x-41l-x-9ht-enclosed-lean-to
374,CEVRTW304112,"Enclosed Certified Triple Wide",https://www.carportcentral.com/enclosed-certified-triple-wide
381,CAV32-40363112,"36x31 Workshop",https://www.carportcentral.com/36w-x-31l-x-12h-workshop
383,CAV305114W,"30x51 Workshop",https://www.carportcentral.com/30w-x51l-x-14h-workshop
391,CAV223610W,"22x36 Workshop",https://www.carportcentral.com/22w-x-36l-x-10h-workshop
397,CDAVECB1826129,"42x26 Raised Center Barn",https://www.carportcentral.com/18w-x-26l-x-12h-enclosed-carolina-barn-with-lean-tos
401,CVRSB2031129,"44x31 Prefab Barn",https://www.carportcentral.com/44w-x-31l-x-12h-seneca-barn-with-lean-tos
405,VRECB4241128,"18x41 Raised Center Barn",https://www.carportcentral.com/18w-x-41l-x-12h-enclosed-carolina-barn-with-lean-tos
420,CVRCB2046107,"20x46 Raised Center Barn",https://www.carportcentral.com/20w-x-46l-x-10h-carolina-barn-with-lean-tos
438,CAFCB4426139,"24x26 Raised Center Barn",https://www.carportcentral.com/24w-x-26l-x-13ht-carolina-barn-with-lean-tos
445,CVRRVC223112,"22x41 RV Carport",https://www.carportcentral.com/22w-x-41l-x-12h-rvcarport
466,AFRV1226129,"12x26 RV Cover With Lean-to",https://www.carportcentral.com/12w-x-26l-x-12h-rv-cover-with-enclosed-lean-to
470,RSC18216F,"18x21 Carport",https://www.carportcentral.com/18w-x-21l-x-6h-carport
681,CVRTWC264112,"26x41 Triple Wide Carport",https://www.carportcentral.com/26w-x-41l-x-12h-triple-wide-carport
692,CVREG244111,"24x41 Garage",https://www.carportcentral.com/24w-x-41l-x-11h-garage
697,CVRSB4226107,"18x26 Barn Lean-to’s",https://www.carportcentral.com/certified-vertical-roof-seneca-barn-18w-x-26l-x-10ht-2-12w-x-26l-x-7ht-lean-tos
707,CVRETW26369,"26x36 Workshop",https://www.carportcentral.com/26w-x-36l-x-9h-workshop
713,CVRETW308114,"30x81 Workshop",https://www.carportcentral.com/30w-x-81l-x-14h-workshop
722,CAVC18219,"18x21 Carport",https://www.carportcentral.com/18w-x-21l-x-8h-carport
725,CAVW404114,"40x41 Workshop",https://www.carportcentral.com/certified-vertical-40w-x-41l-x-14ht-workshop
729,AVECTWW303612,"30X36 Workshop",https://www.carportcentral.com/30w-x-36l-x-12h-workshop
734,CVRTW26216,"Certified Triple Wide carport",https://www.carportcentral.com/certified-triple-wide-carport
737,CRRTW28268,"28x26 Certified Carport",https://www.carportcentral.com/certified-triple-wide-carport-2
740,CVRTW263110,"Certified Triple Wide Carport",https://www.carportcentral.com/certified-triple-wide-carport-3
748,RRG12217,"12x21 Regular Metal Garage",https://www.carportcentral.com/garage
751,VRG203110,"20x31 Vertical Roof  Side Entry Garage",https://www.carportcentral.com/20x31x10-vertical-roof-side-entry-garage
754,VRSEG182610,"18x26 Vertical Roof Side Entry Garage",https://www.carportcentral.com/18x26x10-vertical-roof-side-entry-garage
764,VRG222610,"22x26 Vertical Roof Garage",https://www.carportcentral.com/22x26x10-vertical-roof-garage
833,AFCB3621129,"36x21 Raised Center Barn with Options",https://www.carportcentral.com/36x21x129-frame-carolina-barn-options
839,RSG22269,"22x26 Garage with Options",https://www.carportcentral.com/22x26x9-regular-style-garage-options
847,AFCB3631127,"36x31 Enclosed Barn",https://www.carportcentral.com/36wx31lx12h7h-enclosed-barn
850,VRCB4221107,"42x21 Raised Center Barn",https://www.carportcentral.com/42wx21lx10h6h-carolina-barn
853,VRTTCB4451129,"44x51 Two Tone Raised Center Barn",https://www.carportcentral.com/44wx51lx12h9h-two-tone-carolina-barn
856,VRSB4831129,"48x31 Steel Barn",https://www.carportcentral.com/48wx31lx12h9h-seneca-barn
859,AFCB3636128,"36x36 Raised Center Barn",https://www.carportcentral.com/36wx36lx12h8h-carolina-barn
869,RHB422196,"Regular Style Horse Barn 42x21",https://www.carportcentral.com/regular-style-horse-barn-42x21x96-enclosed-lean-tos
873,VRCB4431118,"Vertical Roof Raised Center Barn 44x31",https://www.carportcentral.com/vertical-roof-carolina-barn-44x31x118
876,VRECB4231128,"Vertical Roof Enclosed Raised Center Barn, 42x31",https://www.carportcentral.com/vertical-roof-enclosed-carolina-barn-42x31x128
879,RHB4221118,"Regular Horse Barn, 42x21",https://www.carportcentral.com/regular-horse-barn-42x21x118
881,AFCB3621127,"A-Frame Raised Center Barn 36x21",https://www.carportcentral.com/aframe-carolina-barn-36x21x127
887,REG223110,"22x31 Enclosed Garage",https://www.carportcentral.com/regular-style-enclosed-garage-22x31x10
890,AFCB3621107,"A-Frame Raised Center Barn, 36x21",https://www.carportcentral.com/aframe-carolina-barn-36x21x107
893,AFCB54311286,"A-Frame Raised Center Barn 54x31",https://www.carportcentral.com/aframe-carolina-barn-54x31x1286
896,RRV18369,"Regular RV Cover - 18x36",https://www.carportcentral.com/regular-rv-cover-18x36x9
899,VRCB42361410,"Vertical Roof Raised Center Barn, 42x36",https://www.carportcentral.com/vertical-roof-carolina-barn-42x36x1410
1006,RTW30319,"30x31 Regular Style Triple Wide",https://www.carportcentral.com/30w-x-31l-x-9h-regular-style-triple-wide
1009,VRRV124112,"12x41 RV Cover",https://www.carportcentral.com/12w-x-41l-x-12h-rv-cover
1418,20217RC,"20x21 Carport",https://www.carportcentral.com/20-x-21-x-7-carport
1421,VSUC24417,"24x41 Utility Carport",https://www.carportcentral.com/20-x-41-x-7-utility-carport
1431,VSC40319,"40x31- Carport",https://www.carportcentral.com/40-x-31-x-9-carport
1437,VSC22219,"22x21 - Carport",https://www.carportcentral.com/22-x-21-x-9-carport
1440,VSCU243110,"24x31 Carport Utility",https://www.carportcentral.com/24-x-31-x-8-carport-utility
1444,VSWG305112,"30x51 – Workshop/Garage with Roof Extension",https://www.carportcentral.com/30-x-51-x-12-workshopgarage-with-roof-extension
1447,VRC20219,"20x21 Carport",https://www.carportcentral.com/20-x-21-x-9-carport
1462,VS384111FL,"38x41 RV Cover Carport",https://www.carportcentral.com/38-x-41-x-11-rv-cover-carport
1465,AF20217,"20x21 Carport",https://www.carportcentral.com/20w-x-21l-x-7h-carport
1468,VSCU22319,"22x31 Carport Utility",https://www.carportcentral.com/22w-x-31l-x-9l-carport-utility
1473,VRS40418,"40x41 - Carport",https://www.carportcentral.com/40w-x-41l-x-8h-carport
1476,AFCU18268,"18x26 Utility Carport",https://www.carportcentral.com/18w-x-26l-x-8h-utility-carport
1479,AFC20218,"20x21 - Carport",https://www.carportcentral.com/20w-x-21l-x-8h-carport
1483,VRS24369,"24x36- Carport",https://www.carportcentral.com/24w-x-36l-x-9h-carport
1486,VRS204110,"20x41 – Workshop/Garage",https://www.carportcentral.com/20w-x-41l-x-10h-workshopgarage
1489,VRSCU22569,"22x56 – Carport Utility",https://www.carportcentral.com/22w-x-56l-x-9h-carport-utility
1499,VRS302614,"30x26 - Carport",https://www.carportcentral.com/30w-x-26l-x-14-carport
1502,VRSC28318,"28x31 – Carport",https://www.carportcentral.com/28w-x-31l-x-8h-carport
1505,VRS24419,"24x41 - Carport",https://www.carportcentral.com/24w-x-41l-x-9-carport
4063,AFSCU18318,"18x31 – Carport Utility",https://www.carportcentral.com/18w-x-31l-x-8h-carport-utility-2
5285,AVRG245112,"24x51 All Vertical Enclosed Garage",https://www.carportcentral.com/24x51x12-all-vertical-enclosed-garage
5300,AVR304111,"30x41 All-Vertical Workshop/Garage",https://www.carportcentral.com/30x41x11-all-vertical-workshopgarage
5302,VRS32269,"32x26 Metal Garage/Workshop",https://www.carportcentral.com/32x26x9-metal-garageworkshop
5305,VRS243614,"24x36 Steel Garage/Workshop",https://www.carportcentral.com/24x36x14-steel-garageworkshop
5306,VRLT204110,"20x41 Enclosed Garage",https://www.carportcentral.com/20x41x10-enclosed-garage
5780,AVR244112,"24x41 All Vertical Workshop Building",https://www.carportcentral.com/24x41x12-all-vertical-workshop-building
5785,VRG20269,"20x26 Two Car Garage",https://www.carportcentral.com/20x26-two-car-garage
5787,AVR245111,"24x51 Steel Workshop Building",https://www.carportcentral.com/24x51x11-steel-workshop-building
5789,VWLT204110,"20x41 Workshop with Lean-To",https://www.carportcentral.com/20x41x10-workshop-with-lean-to
5791,VR224110,"22x41 Vertical Roof Garage",https://www.carportcentral.com/22x41x10-vertical-roof-garage
5794,AVR302112,"30x21 Garage",https://www.carportcentral.com/30x21x12-garage
5796,VRC302111,"30x21 Metal Garage",https://www.carportcentral.com/30x21x11-metal-garage
5798,RS728014,"78x80 Custom Built RV Carport",https://www.carportcentral.com/78x80x14-custom-built-rv-carport
5805,AVW304112,"All Vertical Workshop 30x41 Garage",https://www.carportcentral.com/all-vertical-workshop-30x41x12-garage
5809,AVW223112,"All Vertical Workshop 22x31",https://www.carportcentral.com/all-vertical-workshop-22x31x12
5825,VSB4031,"40x31 Metal Barn",https://www.carportcentral.com/40x31-seneca-barn
5839,AFG22219,"22x21 A-Frame Garage",https://www.carportcentral.com/22x21x9-a-frame-garage
5841,VG20319,"20x31 Custom Garage Building",https://www.carportcentral.com/20x31x9-custom-garage-building
5843,VG184110,"18x41 Side Entry Garage",https://www.carportcentral.com/18x41x10-side-entry-garage
5845,VCG48269,"48x26 Carport with Garage",https://www.carportcentral.com/48x26x9-carport-with-garage
5847,VB4462128,"44x61 Red Raised Center Barn",https://www.carportcentral.com/44x61x12-8-red-carolina-barn
5850,AVG444812,"44x48x12 Custom Garage-Workshop",https://www.carportcentral.com/44x48x12-custom-garage-workshop
6146,VRDG404112,"40x41 All Vertical Deluxe Garage",https://www.carportcentral.com/40x41x12-all-vertical-garage
6151,VRG244110,"24x41 Vertical Roof Garage",https://www.carportcentral.com/24x41x10-vertical-roof-garage
6162,AVVRW40812,"40x81 All Vertical Workshop",https://www.carportcentral.com/40x81x12-all-vertical-workshop
6370,VRG28269,"28x26 Vertical Roof Garage",https://www.carportcentral.com/28x26x9-vertical-roof-garage
6400,AFCB3621127-2,"36x20 Equipment Storage Building",https://www.carportcentral.com/carolina-equipment-storage-building
6448,VRC183110,"18x31 Carport",https://www.carportcentral.com/18x31x10-carport
6490,CBVR4236129,"42x36 Raised Center Barn",https://www.carportcentral.com/42x36x12-carolina-barn
6498,AFVR22269,"22x26 Vertical Roof Garage",https://www.carportcentral.com/22x26x9-vertical-roof-garage
6521,VRUT18499,"Utility Building",https://www.carportcentral.com/utility-metal-building
6795,VRW303112,"30 Wide Steel Workshop",https://www.carportcentral.com/30-wide-steel-workshop
14296,VRSEG223110,"22x31 Side Entry Garage",https://www.carportcentral.com/22x31x10-side-entry-garage
14798,VRSAV303612,"Metal Workshop Building",https://www.carportcentral.com/metal-workshop-building
14803,VRSCB3646179,"Raised Center Aisle - Metal Barn",https://www.carportcentral.com/raise-center-aisle-carolina-barn
14818,AFCB3621149,"Raised Center Barn - 36x20",https://www.carportcentral.com/metal-carolina-barn
14976,AVRGSE245114,"24x51 Side Entry Garage",https://www.carportcentral.com/24x51x14-side-entry-garage
15031,VRAVTT244112,"24x41 Side Entry Garage",https://www.carportcentral.com/24x41x12-side-entry-garage
15197,AFSB12127,"12x12 Outdoor Storage Building",https://www.carportcentral.com/12x12-outdoor-storage-building
15287,AVVRSEG24369,"24x36 Prefab Side Entry Garage",https://www.carportcentral.com/prefab-side-entry-garage-24x36x9
5807,VW245112,"24x51 Vertical Garage/Workshop",https://www.carportcentral.com/24x51x12-vertical-garage
232,AVC32-406112,"40x61 Workshop",https://www.carportcentral.com/32-40-wide-certified-all-vertical
388,CAV18216W,"18x21 Workshop/Hobby Shop",https://www.carportcentral.com/18w-x-21l-x-6h-workshophobby-shop
14947,VRSG24369,"2 Car Garage - 24x36",https://www.carportcentral.com/2-car-garage-24x36x9
14809,VRSB3636129,"36x36 Continuous Roof - Barn",https://www.carportcentral.com/continous-roof-seneca-barn
15279,VRCG303110,"30x30 Prefab Metal Garage",https://www.carportcentral.com/30x31x10-prefab-metal-garage
265,VRSEC20269,"20x26  Side Entry Carport",https://www.carportcentral.com/20w-x-26l-x-9h-side-entry-carport
15246,VRCB4431118-2,"Raised Center Aisle Metal Barn 44x31",https://www.carportcentral.com/raised-center-aisle-metal-barn-44x31
6414,VRSE244612,"24x46 Side Entry Garage",https://www.carportcentral.com/24x46x12-side-entry-garage
14792,VRSDL324115,"Metal Utility Building",https://www.carportcentral.com/metal-utility-building
15572,VRAV243611A,"2 Car Metal Garage - 24x36",https://www.carportcentral.com/2-car-metal-garage-24x36x11
15576,VRVG407116,"Metal RV Garage – 40x71",https://www.carportcentral.com/metal-rv-garage-40x71x16
15612,CBVR4836129,"48x36 Step Down Roof Barn",https://www.carportcentral.com/48x36x129-step-roof-barn
15617,AFVR543114108,"54x31 Ridgeline Step Down Barn",https://www.carportcentral.com/54x31x14108-ridgeline-step-barn
15626,VRWAV54511411,"54x51 Triple Wide Workshop with lean-tos",https://www.carportcentral.com/54x51x1411-triple-wide-workshop-lean-tos
15631,VRTW304112,"30x41 Triple Wide Garage/Workshop",https://www.carportcentral.com/30x41x12-triple-wide-garageworkshop
15634,VRCBSS4226139,"42x26 Raised Center Aisle Barn",https://www.carportcentral.com/42x26x13-raised-center-aisle-barn
15639,BECB444112,"44x41 A-Frame Raised Center Barn",https://www.carportcentral.com/44x41x12-frame-carolina-barn
15645,VRU245110A,"24x51 Utility Building",https://www.carportcentral.com/24x51-utility-building
15653,VRCB44411410,"44x41 Raised Center Barn",https://www.carportcentral.com/44x41-metal-carolina-barn
15671,VRAVW3051,"30x51 Clear Span Garage",https://www.carportcentral.com/30x51x12-clear-span-garage
15688,CVR305112SE,"30x51  Workshop Building",https://www.carportcentral.com/30x51x12-workshop-building
15695,RVUT305112AV,"30x51 RV Shelter with Utility",https://www.carportcentral.com/30x51x12-rv-shelter-utility
15698,VRCB4236139,"42x36 Deluxe Barn",https://www.carportcentral.com/42x36-deluxe-barn
15704,VR30269G,"30x26 Two Car Garage",https://www.carportcentral.com/30x26x9-two-car-garage
15791,TWAVG303612,"30x36 Car Parking Garage",https://www.carportcentral.com/30x36x12-car-parking-garage
15802,VRG15268,"15x26 Car Garage",https://www.carportcentral.com/15x26x8-car-garage
15819,VR283610SE,"2 Car Parking Garage",https://www.carportcentral.com/2-Car-Parking-Side-Entry-Garage
15903,VRS242610,"24x26 Side Entry Garage",https://www.carportcentral.com/24x26-side-entry-garage
15902,VR22419,"22x41 Workshop/Garage",https://www.carportcentral.com/22x41-workshop-garage
15899,VR244110,"24x41 Two Car Steel Garage",https://www.carportcentral.com/24x41-two-car-steel-garage
15900,VR505016,"50x50 Clear Span Garage",https://www.carportcentral.com/50x50x16-clear-span-garage
15901,VR403012,"40x30 Commercial Shed",https://www.carportcentral.com/40x30-commercial-shed
15923,HBRG3626128,"Horse Barn 36x26",https://www.carportcentral.com/horse-barn-36x26
15925,CG32381411,"32x38 Metal Structure",https://www.carportcentral.com/32x38-metal-structure
15924,VRSEG243110,"24x31 Certified Metal Garage",https://www.carportcentral.com/24x31-certified-metal-garage
16013,VRAVLT425614,"42x56 Garage with Lean-to",https://www.carportcentral.com/42x56x14-garage-with-lean-to
16014,TWC303610,"30x36 Garage Plan",https://www.carportcentral.com/30x36x10-garage-plan
16012,TWC305113,"30x51 Two Car Garage",https://www.carportcentral.com/30x51x13-two-car-garage
16025,VRFE304112CC,"30x41 Detached Car Garage",https://www.carportcentral.com/30x41x12-detached-car-garage
16029,VRRV246112,"24x61 Metal Trailer Cover",https://www.carportcentral.com/24x61x12-metal-trailer-cover
16034,VRAV284112,"28x41 Metal Garage-Workshop",https://www.carportcentral.com/28x41x12-metal-garage-workshop
16038,VRRV184612,"18x46 Camper/RV Carport",https://www.carportcentral.com/18x46x12-camper-rv-carport
16041,VRAL306112,"30x61 Wind Certified Garage",https://www.carportcentral.com/30x61x12-wind-certified-garage
16045,VRDD4840129,"48x41 Drop Down Style Barn",https://www.carportcentral.com/48x41x12-9-drop-style-barn
16049,VRCAV406115,"40x61 Commercial Building",https://www.carportcentral.com/40x61x15-commercial-building
16053,VRGFI24319,"24x31 Enclosed Metal Garage",https://www.carportcentral.com/24x31x9-enclosed-metal-garage
16057,VRAVDC243111,"24x31 Garage with Dog Kennel",https://www.carportcentral.com/24x31x11-garage-dog-kennel
16067,AFBER4836129,"42x36 Step Down Roof Barn",https://www.carportcentral.com/42x36x12-step-down-roof-barn
16087,VRCG24319,"24x31 Metal Car Garage",https://www.carportcentral.com/24x31x9-metal-car-garage
16078,RGS422696,"42x26 Classic Barn",https://www.carportcentral.com/42x26x9-classic-barn
16075,AFCB4636127,"46x36 Drop Down Roof Barn",https://www.carportcentral.com/46x36x12-drop-roof-barn
16072,CBWLT483112,"48x31 Horizontal Roof Barn",https://www.carportcentral.com/48x31x12-horizontal-roof-barn
16076,VRWI403620,"40x36 Commercial Style Workshop",https://www.carportcentral.com/40x36x20-commercial-style-workshop
16198,VRGTT24269,"24x26 Fully Enclosed Metal Structure",https://www.carportcentral.com/24x26-fully-enclosed-metal-structure
16235,VRSE224112TT,"22x41 Two-Tone Side Entry Garage",https://www.carportcentral.com/22x41x12-two-toned-side-entry-garage-price-online
16071,VRSEF245113,"24x51 Side Entry Garage Workshop",https://www.carportcentral.com/24x51x13-side-entry-garage-workshop
16292,VRCB405113,"40x51 Commercial Workshop",https://www.carportcentral.com/40x51x12-commercial-workshop
16307,VRLT3030118,"30x31 Enclosed Building",https://www.carportcentral.com/30x31x11-enclosed-building
16313,VRSE267110,"26x71 Side Entry Building",https://www.carportcentral.com/26x71x10-side-entry-building
16285,VRSES204610,"20x46 Side Entry Storage Building",https://www.carportcentral.com/20x46x10-side-entry-storage-building
16286,CRVB4231128,"42x31 Continuous Roof Barn",https://www.carportcentral.com/42x31x12-continuous-roof-barn
16288,AVB4255129,"42x55 Enclosed Farm Barn",https://www.carportcentral.com/42x55x12-enclosed-farm-barn
16344,VCWB4510116,"45x101 Vertical Roof Commercial Workshop Building",https://www.carportcentral.com/45x101x16-commercial-workshop-Building
16347,VRSEG365612,"32x61 Enclosed Side Entry Garage",https://www.carportcentral.com/36x56x12-enclosed-side-entry-garage
16350,VMG264812,"26x48 Vertical Roof Metal Garage",https://www.carportcentral.com/26x48x12-side-entry-metal-garage
16355,VRCBAV445014,"44x51 Step Down Style Barn",https://www.carportcentral.com/44x51-feet-step-down-barn
16358,AVGWP304012,"42x41 Garage Workshop with Porch",https://www.carportcentral.com/42x41-garage-workshop-with-porch
16361,VREB3671107,"36x71 Building with Lean-to",https://www.carportcentral.com/36x71-enclosed-building-with-lean-to
16408,AVDG6010016,"60x100 Prefab Metal Building",https://www.carportcentral.com/60x100-prefab-metal-building
16411,VRSEG243610,"24x36 Side Parking Garage",https://www.carportcentral.com/24x36-side-parking-garage
16415,RSEFE20519,"20x51 Prefab Enclosed Building",https://www.carportcentral.com/20x51-prefab-enclosed-building
16418,VRSEG24368,"24x36 Car Parking Garage",https://www.carportcentral.com/24x36-car-parking-garage
16419,AVB305112,"30x51 Equipment Storage Building",https://www.carportcentral.com/30x51-equipment-storage-building
16424,VRSEG24461212,"24x46 Enclosed Garage",https://www.carportcentral.com/24x46-enclosed-garage
16430,CS408014B,"40x80 Commercial Garage",https://www.carportcentral.com/40x80-commercial-garage
16434,CWT30418,"30x41 Prefab Metal Building",https://www.carportcentral.com/30x41-prefab-metal-home
16437,VRUT24409,"24x40 Utility Building",https://www.carportcentral.com/24x40-utility-building
16443,VRSE24369,"24x36 Side Load Metal Garage",https://www.carportcentral.com/24x36-side-load-metal-garage
16446,VLTG444113,"44x41 Lean-to Garage",https://www.carportcentral.com/44x41-lean-to-garage
16453,AVC486114,"48x60 Commercial Garage",https://www.carportcentral.com/48x60-commercial-garage
16456,VRG24269,"24x26 Two Car Garage",https://www.carportcentral.com/24x26-two-car-garage
16459,AVG24369,"24x36 Detached Metal Garage",https://www.carportcentral.com/24x36-detached-metal-garage
16468,AVSE305614,"30x56 Prefab Workshop Building",https://www.carportcentral.com/30x56-prefab-workshop-building
16471,VRTT24269,"24x26 Two-tone Metal Garage",https://www.carportcentral.com/24x26-two-tone-metal-garage
16475,AVTTC404114,"40x40 Commercial Garage",https://www.carportcentral.com/40x40-commercial-garage
16532,AVDB4231149,"42x30 Texas Barn",https://www.carportcentral.com/42x30-texas-barn
16535,AVG26519,"26x50 Garage Building",https://www.carportcentral.com/26x50-garage-building
16576,VRGLT303614,"30x36 Lean-to Building",https://www.carportcentral.com/30x36-lean-to-building
16579,AVCG488016,"48x80 Warehouse Building",https://www.carportcentral.com/48x80-warehouse-building
16583,AVDLT484118,"48x40 Lean-to Garage",https://www.carportcentral.com/48x40-lean-to-garage
16594,AFB483112,"48x31 Step-Down Roof Barn",https://www.carportcentral.com/48x31-step-down-roof-barn
16598,CPGTT406114,"40x61 Clear Span Building",https://www.carportcentral.com/40x61-clear-span-metal-building
16601,AVGLT363114,"36 x 31 Garage with Lean-To",https://www.carportcentral.com/36x31-garage-with-lean-to
16604,RRVC183613,"18x36 RV Cover",https://www.carportcentral.com/18x36-rv-cover
16609,AVGSE304111,"30x41 Side Entry Metal Garage",https://www.carportcentral.com/30x41-side-entry-garage
16611,AVC606114,"60x61 Commercial Building",https://www.carportcentral.com/60x61-commercial-building
16613,AVWS304111,"30x41 All Vertical Garage",https://www.carportcentral.com/30x41-all-vertical-garage
16640,VRSEAV245110,"24x51 Side Entry Garage / Workshop",https://www.carportcentral.com/24x51-side-entry-garage-workshop
16642,AVCBTT444613,"44x46 Two-tone Barn",https://www.carportcentral.com/44x46-two-tone-barn
16644,VRSB363612,"36x36 Barn Garage",https://www.carportcentral.com/36x36-barn-farm-vehicle-garage
16660,VRCB3620128,"36x20 Lean-to Barn",https://www.carportcentral.com/36x20-lean-to-barn
16662,AVCWS406011,"40x60 Clear Span Commercial Garage",https://www.carportcentral.com/40x60-clear-span-commercial-garage
16664,VRLT382512,"38x25 Metal Shop with Lean-to",https://www.carportcentral.com/38x25-metal-shop-with-lean-to
16748,LTUB206012,"20x60 Custom Building",https://www.carportcentral.com/20x60-custom-building
16769,VGB224510,"Four Car Garage Building - 22x45",https://www.carportcentral.com/four-car-garage-building-22x45
16779,LTVB3020107,"30x20 Lean-to Building",https://www.carportcentral.com/30x20-lean-to-building
16781,VRSPB4230129,"42x30 Steel Pole Barn",https://www.carportcentral.com/42x30-steel-pole-barn
16793,VRSE244112,"24x40 Metal Car Garage",https://www.carportcentral.com/24x40-metal-car-garage
16794,AVCB3651139,"36x50 Barn Building",https://www.carportcentral.com/36x50-barn-building
16798,AVTT404112,"40x40 Prefab Garage",https://www.carportcentral.com/40x40-prefab-garage
16820,VRG307112,"30x70 Commercial Garage Building",https://www.carportcentral.com/30x70-commercial-garage-building
16850,AVSE307012,"30x70 Insulated Side Entry Garage",https://www.carportcentral.com/30x70-insulated-side-entry-garage
16853,VRG245112,"24x50 Prefab Metal Garage",https://www.carportcentral.com/24x50-prefab-metal-garage
16863,VRU245110,"24x50 Combo Utility Building",https://www.carportcentral.com/24x50-combo-utility-building
16866,VRSE305013,"30x50 Metal Garage with Side Entry",https://www.carportcentral.com/30x50-metal-garage-with-side-entry
16868,VRG243010,"24x30 Metal Garage with Lean-to",https://www.carportcentral.com/24x30-metal-garage-with-lean-to
17053,VRG286112,"28x60 Commercial Building",https://www.carportcentral.com/28x60-commercial-building
17055,VRS305112,"30x50 Prefabricated Steel Building",https://www.carportcentral.com/30x50-prefabricated-steel-building
17057,DDBVR4831129,"48x30 Farm Storage Barn",https://www.carportcentral.com/48x30-farm-storage-barn
17059,SBVR4831129,"48x30 Steel Barn Building",https://www.carportcentral.com/48x30-steel-barn-building
17078,VRSE205112,"20x50 Four Car Garage",https://www.carportcentral.com/20x50-four-car-garage
17082,VGTT304112,"30x40 Two-Tone Metal Garage",https://www.carportcentral.com/30x40-two-tone-metal-garage
17110,DDGLT36711410,"36x70 Prefab Workshop",https://www.carportcentral.com/36x70-prefab-workshop-with-lean-to
17127,AV304112,"30x40 Metal Shop Building",https://www.carportcentral.com/30x40-metal-shop-building
17130,SBVR4436129,"44x36 Barn Building",https://www.carportcentral.com/44x36-barn-building
17131,VRTTG284112,"28x40 Two-Tone Metal Garage",https://www.carportcentral.com/28x40-two-tone-metal-garage
17141,VRSE247112,"24x70 Metal Storage Workshop",https://www.carportcentral.com/24x70-metal-storage-workshop
17156,AVSETT307111,"30x70 Custom Metal Building",https://www.carportcentral.com/30x70-custom-metal-building
17616,VRTT304116,"30’ x 41’ Large Garage Building",https://www.carportcentral.com/30x40-large-garage-building
17799,VSEG22368,"22x36 Three Car Side Entry Garage",https://www.carportcentral.com/22x36-three-car-side-entry-garage
17899,VTTG304612,"30x46 Metal Garage",https://www.carportcentral.com/30x46-metal-garage
18146,VMB287112,"28x70 Metal Building",https://www.carportcentral.com/28x70-metal-building
18194,VTTGB24369,"24x36 Two Color Metal Building",https://www.carportcentral.com/24x36-two-color-metal-building
18270,VRCG244112,"24x60 Metal Garage Building",https://www.carportcentral.com/24x60-metal-garage-building
18299,VCRAB4821129,"48x21 Prefab Barn",https://www.carportcentral.com/48x21-prefab-barn
18319,VWP246110,"24x60 Workshop Building with Porch",https://www.carportcentral.com/24x60-workshop-building-with-porch
18340,VEG24318,"24x30 Metal Garage",https://www.carportcentral.com/24x30-metal-garage
18436,VMGL36369,"36x36 Garage with lean-to",https://www.carportcentral.com/36x36-garage-with-lean-to-and-porch
18501,VRG22319,"22x30 Two Car Garage",https://www.carportcentral.com/22x30-two-car-garage
26300,RRC20207,"20x20 Steel Carport",https://www.carportcentral.com/20x20-carport
26301,VRC242511,"24x25 Carport",https://www.carportcentral.com/24x25-carport
26302,VRG12259,"12x25 Garage",https://www.carportcentral.com/12x25-garage
26303,VRC18309,"18x30 Three-Sided Carport",https://www.carportcentral.com/18x30-three-sided-carport
26304,VRG20309,"20x30 Garage",https://www.carportcentral.com/20x30-garage
26305,VRG243011,"24x30 Prefab Garage",https://www.carportcentral.com/24x30-prefab-garage
26306,VRC303511,"30x35 Carport",https://www.carportcentral.com/30x35-carport
26307,AVMB606014,"60x60 Metal Building",https://www.carportcentral.com/60x60-metal-building
26308,VRB408014,"40x80 Building",https://www.carportcentral.com/40x80-building
27000,VRSEG3012016,"30 x 120 Commercial Side Entry Garage",https://www.carportcentral.com/30x120-commercial-side-entry-garage
27070,VRSB505114,"50x51 Continuous Roof Barn",https://www.carportcentral.com/50x51-continuous-roof-barn-building
27073,VRG30609,"30 x 60 Vertical Roof Garage",https://www.carportcentral.com/30x60-vertical-roof-garage
27082,VR4035129,"40x36 Lean-to Garage",https://www.carportcentral.com/40x36-lean-to-garage
27083,VRG404013,"40x40 Vertical Roof Garage",https://www.carportcentral.com/40x40-vertical-roof-garage
27084,VR406512,"40x65 Vertical Roof Carport",https://www.carportcentral.com/40x65-vertical-roof-carport
27085,VR407620,"40x76 Vertical Roof RV Carport",https://www.carportcentral.com/40x76-rv-carport
27086,VR408014,"40x80 Vertical Roof Garage",https://www.carportcentral.com/40x80-vertical-roof-metal-garage
27087,VR525110,"52x50 Side Entry Garage",https://www.carportcentral.com/52x50-side-entry-garage
27254,AVMW24259,"24 x 25 Metal Workshop",https://www.carportcentral.com/24x48-metal-workshop
27259,VTTSGB26369,"26 x 36 Steel Garage",https://www.carportcentral.com/26x36-steel-garage
27260,VRMG32259,"32 x 25 Metal Garage",https://www.carportcentral.com/32x25-metal-garage-with-lean-to
27289,VREMG204111,"20 x 41 Steel Garage",https://www.carportcentral.com/20x41-steel-garage
27296,VRUG3865108,"34 x 65 Utility Garage",https://www.carportcentral.com/38x65-utility-building
27297,VRWB42401310,"42x40 Workshop Building",https://www.carportcentral.com/42x40-workshop-building
27298,CRSB48451310,"48x45 Steel Barn",https://www.carportcentral.com/48x45-steel-barn
27421,VRGB303112,"30x31 Metal Garage",https://www.carportcentral.com/30x31-garage-building
27433,VRSEG304110,"30x41 Side Entry Garage",https://www.carportcentral.com/30x41x10-side-entry-garage
27468,VRMC362612,"36 x 26 Vertical Carport",https://www.carportcentral.com/36x26-vertical-carport
27469,VREG242612,"24x61 Enclosed Garage",https://www.carportcentral.com/24x61-enclosed-garage
27475,VRC24268,"24 x 26 Metal Carport",https://www.carportcentral.com/24x26-metal-carport
27476,VRGB28269,"28x26 Metal Garage",https://www.carportcentral.com/28x26-metal-garage
27477,RRC242614,"24x26 Regular Carport",https://www.carportcentral.com/24x26-regular-carport
27478,VRTTGB304112,"30x41 Garage Building",https://www.carportcentral.com/30x41-garage-building
27591,RRMC18217,"18x21 Carport",https://www.carportcentral.com/18x21-carport
27597,RRSC24218,"24x21 Carport",https://www.carportcentral.com/24x21-carport
27598,VRMC30219,"30x21 Metal Carport",https://www.carportcentral.com/30x21-metal-carport
27853,VRBRG306112,"30 x 61 Steel Garage",https://www.carportcentral.com/30x61-steel-garage
27936,VRTTSEG4246129,"42x46 Steel Garage",https://www.carportcentral.com/42x46-side-entry-steel-garage
27948,VMG304112,"30x41 Metal Garage",https://www.carportcentral.com/30x41-metal-garage-building
27949,VRMB4836127,"48x36 Metal Barn",https://www.carportcentral.com/48x36-metal-barn
28028,VRSSG263610,"26x36 Steel Garage",https://www.carportcentral.com/26x36-steel-garage-building
28029,AVMG304112,"30x41 Steel Garage",https://www.carportcentral.com/30x41-steel-garage-building
28080,VRSGB406012,"40x60 Steel Garage",https://www.carportcentral.com/40x60-steel-garage-building
28079,VRMGB304197,"30x41 Steel Garage",https://www.carportcentral.com/30x41-metal-garage
28078,AVSEGB26319,"26x31 Steel Garage",https://www.carportcentral.com/26x31-metal-garage-building
28257,VRCMGB24319,"24x31 Metal Garage",https://www.carportcentral.com/24x31-metal-garage-building
28258,AVMWB406114,"40x61 Steel Garage",https://www.carportcentral.com/40x61-metal-workshop-building
28259,VRMB4236129,"42x36 Metal Barn",https://www.carportcentral.com/42x36-metal-barn-building
28350,VRSEGB28369,"28x36 Steel Garage",https://www.carportcentral.com/28x36-side-entry-garage-building
28351,VRSGB302510,"30x25 Metal Garage",https://www.carportcentral.com/30x25-metal-garage-building
28352,AVMWB406113,"40x61 Metal Workshop",https://www.carportcentral.com/40x61-metal-workshop-building
28355,VRCLMG544014,"54x40 Lean-to Garage",https://www.carportcentral.com/54x40-lean-to-garage-building
28580,VRSDMB424613,"42x46 Step Down Barn",https://www.carportcentral.com/42x46-metal-barn-building
28587,VRSGB12197,"12x19 Steel Garage",https://www.carportcentral.com/12x19-steel-garage-building
28605,VRUCB22408,"22x40 Utility Carport",https://www.carportcentral.com/22x40-utility-metal-carport
28629,RRBC12318,"12x31 Regular Boat Carport",https://www.carportcentral.com/12x31-metal-boat-carport
28630,VRRVC185614,"18x56 Vertical RV Carport",https://www.carportcentral.com/18x56-steel-rv-carport
28631,AFSC20218,"20x21 A-Frame Steel Carport",https://www.carportcentral.com/20x21-metal-carport
28632,VRSMC24268,"24x26 Steel Carport",https://www.carportcentral.com/24x26-metal-carport
28749,AVURVC185612,"18 x 56 Utility RV Carport",https://www.carportcentral.com/18x56-utility-rv-cover
28750,VRSRVC208116,"20x81 RV Carport",https://www.carportcentral.com/20x81-steel-rv-carport
28751,VRSC244114,"24x41 Steel Carport",https://www.carportcentral.com/24x41-steel-carport
28752,VRMC30268,"30x26 Vertical Roof Carport",https://www.carportcentral.com/30x26-vertical-roof-metal-carport
28753,AVMGB305610,"30x56 Garage Building",https://www.carportcentral.com/30x56-metal-garage-building
28826,VRLGB30301211,"30x30 Lean-to Garage",https://www.carportcentral.com/30x30-lean-to-garage-building
28827,AVCMB607014,"60x70 Commercial Building",https://www.carportcentral.com/60x70-commercial-metal-building
28858,AFVRSC204112,"20x41 Steel Carport",https://www.carportcentral.com/20x41-vertical-roof-carport
28859,VRSGB242610,"24x26 Steel Garage",https://www.carportcentral.com/24x26-steel-garage-building
28860,VRSUC284111,"28x41 Steel Carport",https://www.carportcentral.com/28x41-steel-carport-building
28861,VRLGB302186,"30x21 Garage with Lean-to",https://www.carportcentral.com/30x21-lean-to-garage-building
28862,VRDDMB3625128,"36x25 Drop-Down Steel Barn",https://www.carportcentral.com/36x25-drop-down-metal-barn
28878,AVDMB543614108,"54x36 Drop-Down Barn",https://www.carportcentral.com/54x36-drop-down-metal-barn
28879,RRSC18217,"18x21 Regular Steel Carport",https://www.carportcentral.com/18x21-regular-steel-carport
28909,VRSG14259,"14x25 Metal Garage",https://www.carportcentral.com/14x25x9-metal-garage
28910,RRSC18269,"18x26 Regular Roof Steel Carport",https://www.carportcentral.com/18x26-regular-roof-steel-carport
28911,RRMC22218,"22x21 Regular Roof Carport",https://www.carportcentral.com/22x21-regular-roof-steel-carport
28912,VRSC24217,"24x21 Vertical Roof Steel Carport",https://www.carportcentral.com/24x21-vertical-roof-steel-carport
28913,VRC30219,"30x21 Vertical Roof Carport",https://www.carportcentral.com/30x21-vertical-roof-carport
28914,VRSC304114,"30x41 Vertical Roof Steel Carport",https://www.carportcentral.com/30x41-vertical-roof-steel-carport
28956,VRG12269,"12x26 Vertical Roof Garage",https://www.carportcentral.com/12x26-vertical-roof-garage
28958,VRSEMG28419,"28x41 Side Entry Metal Garage",https://www.carportcentral.com/28x41-side-entry-metal-garage
28959,VRMGB303110,"30x31 Steel Garage Building",https://www.carportcentral.com/30x31-steel-garage-building
28960,VRSSC303612,"30x36 Vertical Roof Carport",https://www.carportcentral.com/30x36-vertical-roof-steel-carport
28961,CRMBB3626129,"36x26 Continuous Roof Barn",https://www.carportcentral.com/36x26-steel-barn-building
28962,VRLGB363696,"36x36 Lean-to Garage Building",https://www.carportcentral.com/36x36-lean-to-garage-building
30039,AVDDB482614,"48x26x14/11 All Vertical Drop-Down Barn",https://www.carportcentral.com/48x26-drop-down-barn
30055,VRMC242610,"24x26 Vertical Roof Metal Carport",https://www.carportcentral.com/24x26-vertical-roof-carport
30067,RRHB423614,"42x36 Regular Roof Horse Barn",https://www.carportcentral.com/42x36-regular-roof-horse-barn
30081,VRMG24419,"24x41 Vertical Roof Metal Garage",https://www.carportcentral.com/24x41-vertical-roof-metal-garage
30094,TCMG263612,"26x36 Two Car Metal Garage",https://www.carportcentral.com/26x36-two-car-garage
30158,VRSDB423614,"42x36 Vertical Roof Step Down Barn",https://www.carportcentral.com/42x36-vertical-roof-step-down-barn
30179,TWC30318,"30x31 Triple Wide Carport",https://www.carportcentral.com/30x31-triple-wide-carport
30206,VRG30319,"30x31 Vertical Roof Garage",https://www.carportcentral.com/30x31-vertical-roof-garage
30222,DCG304611,"30x46 Double Car Garage",https://www.carportcentral.com/30x46-double-car-garage
30234,VRMG243512,"24x35 Vertical Roof Metal Garage",https://www.carportcentral.com/24x35-vertical-roof-metal-garage
30255,VRSG22319,"22x31 Vertical Roof Garage",https://www.carportcentral.com/22x31-vertical-roof-garage
30295,32419DCMG,"32x41 Double Car Metal Garage",https://www.carportcentral.com/32x41-double-car-metal-garage
30350,203112VRMG,"20x31 Vertical Roof Metal Garage",https://www.carportcentral.com/20x31-vertical-roof-metal-garage
30394,244111SUB,"24x41 Steel Utility Building",https://www.carportcentral.com/24x41-steel-utility-building
30405,263610TCSG,"26x36 Two Car Steel Garage",https://www.carportcentral.com/26x36-two-car-steel-garage
30427,244114MRC,"24x41 Metal RV Carport",https://www.carportcentral.com/24x41-metal-rv-carport
30442,304112VRG,"30x41 Vertical Roof Garage",https://www.carportcentral.com/30x41-vertical-roof-garage
30451,222510VRC,"22x25 Vertical Roof Carport",https://www.carportcentral.com/22x25-vertical-roof-carport
30459,242614RRBC,"24x26 Regular Roof Boat Carport",https://www.carportcentral.com/24x26-regular-roof-boat-carport
30458,242110VRC,"24x21 Vertical Roof Carport",https://www.carportcentral.com/24x21-vertical-roof-metal-carport
30456,184114VRRC,"18x41 Vertical Roof RV Carport",https://www.carportcentral.com/18x41-vertical-roof-RV-carport
30455,18268RRG,"18x26 Regular Roof Garage",https://www.carportcentral.com/18x26-regular-roof-metal-garage
30534,4446139VRB,"44x46 Vertical Roof Metal Barn",https://www.carportcentral.com/44x46-vertical-roof-metal-barn
30544,20268VRC,"20x26 Vertical Roof Metal Carport",https://www.carportcentral.com/20x26-vertical-roof-metal-carport
30581,303612MBC,"30x36 Vertical Roof Metal Boat Carport",https://www.carportcentral.com/30x36-vertical-roof-metal-boat-carport
30593,48311410VRB,"48x31 Vertical Roof Barn",https://www.carportcentral.com/48x31-vertical-roof-metal-barn
30612,222610TCMC,"22x26 Two Car Metal Carport",https://www.carportcentral.com/22x26-two-car-metal-carport
30633,122610MBC,"12x26 Metal Boat Carport",https://www.carportcentral.com/12x26-metal-boat-carport
